{"cameraMode":{"drawMode":0,"name":"Shaded","section":"Shading Mode"},"sceneLighting":false,"audioPlay":false,"sceneViewState":{"showFog":true,"showMaterialUpdate":false,"showSkybox":false,"showFlares":true,"showImageEffects":true,"showParticleSystems":true},"in2DMode":false,"pivot":{"x":0.04092812538146973,"y":0.47799885272979739,"z":0.24821408092975617},"rotation":{"x":0.12867948412895204,"y":-0.695300281047821,"z":0.12867970764636994,"w":0.6953001618385315},"size":3.4476375579833986,"orthographic":false}