{"cameraMode":{"drawMode":0,"name":"Shaded","section":"Shading Mode"},"sceneLighting":false,"audioPlay":false,"sceneViewState":{"showFog":true,"showMaterialUpdate":false,"showSkybox":false,"showFlares":true,"showImageEffects":true,"showParticleSystems":true},"in2DMode":false,"pivot":{"x":0.18802204728126527,"y":-0.005563750397413969,"z":-0.2554623782634735},"rotation":{"x":0.018457593396306039,"y":-0.9712786078453064,"z":0.08031279593706131,"w":0.22322042286396027},"size":1.1804702281951905,"orthographic":true}