{"cameraMode":{"drawMode":0,"name":"Shaded","section":"Shading Mode"},"sceneLighting":false,"audioPlay":false,"sceneViewState":{"showFog":true,"showMaterialUpdate":false,"showSkybox":false,"showFlares":true,"showImageEffects":true,"showParticleSystems":true},"in2DMode":false,"pivot":{"x":2.5468881130218508,"y":3.8391668796539308,"z":2.1030495166778566},"rotation":{"x":-0.29999402165412905,"y":-0.09651768952608109,"z":0.03052510693669319,"w":-0.948557436466217},"size":9.989517211914063,"orthographic":false}