{"cameraMode":{"drawMode":0,"name":"Shaded","section":"Shading Mode"},"sceneLighting":false,"audioPlay":false,"sceneViewState":{"showFog":true,"showMaterialUpdate":false,"showSkybox":false,"showFlares":true,"showImageEffects":true,"showParticleSystems":true},"in2DMode":false,"pivot":{"x":-1.3920457363128663,"y":-4.746179103851318,"z":3.9731016159057619},"rotation":{"x":-0.3051147758960724,"y":-0.2113458663225174,"z":0.06964147090911865,"w":-0.9259530305862427},"size":17.699323654174806,"orthographic":false}